Number,Name,Type_1,Type_2,TypeColor,Total,HP,Attack,Defense,Sp_Atk,Sp_Def,Speed,Generation,isLegendary,Color,Body_Style,image
1,Bulbasaur,Grass,Poison,green,318,45,49,49,65,65,45,1,False,Green,quadruped,bulbasaur.png
2,Ivysaur,Grass,Poison,green,405,60,62,63,80,80,60,1,False,Green,quadruped,ivysaur.png
3,Venusaur,Grass,Poison,green,525,80,82,83,100,100,80,1,False,Green,quadruped,venusaur.png
4,Charmander,Fire,,red,309,39,52,43,60,50,65,1,False,Red,bipedal_tailed,charmander.png
5,Charmeleon,Fire,,red,405,58,64,58,80,65,80,1,False,Red,bipedal_tailed,charmeleon.png
6,Charizard,Fire,Flying,red,534,78,84,78,109,85,100,1,False,Red,bipedal_tailed,charizard.png
7,Squirtle,Water,,blue,314,44,48,65,50,64,43,1,False,Blue,bipedal_tailed,squirtle.png
8,Wartortle,Water,,blue,405,59,63,80,65,80,58,1,False,Blue,bipedal_tailed,wartortle.png
9,Blastoise,Water,,blue,530,79,83,100,85,105,78,1,False,Blue,bipedal_tailed,blastoise.png
10,Caterpie,Bug,,green-darken-4,195,45,30,35,20,20,45,1,False,Green,insectoid,caterpie.png
11,Metapod,Bug,,green-darken-4,205,50,20,55,25,25,30,1,False,Green,serpentine_body,metapod.png
12,Butterfree,Bug,Flying,green-darken-4,395,60,45,50,90,80,70,1,False,White,four_wings,butterfree.png
13,Weedle,Bug,Poison,green-darken-4,195,40,35,30,20,20,50,1,False,Brown,serpentine_body,weedle.png
14,Kakuna,Bug,Poison,green-darken-4,205,45,25,50,25,25,35,1,False,Yellow,serpentine_body,kakuna.png
15,Beedrill,Bug,Poison,green-darken-4,395,65,90,40,45,80,75,1,False,Yellow,four_wings,beedrill.png
16,Pidgey,Normal,Flying,amber,251,40,45,40,35,35,56,1,False,Brown,two_wings,pidgey.png
17,Pidgeotto,Normal,Flying,amber,349,63,60,55,50,50,71,1,False,Brown,two_wings,pidgeotto.png
18,Pidgeot,Normal,Flying,amber,479,83,80,75,70,70,101,1,False,Brown,two_wings,pidgeot.png
19,Rattata,Normal,,amber,253,30,56,35,25,35,72,1,False,Purple,quadruped,rattata.png
20,Raticate,Normal,,amber,413,55,81,60,50,70,97,1,False,Brown,quadruped,raticate.png
21,Spearow,Normal,Flying,amber,262,40,60,30,31,31,70,1,False,Brown,two_wings,spearow.png
22,Fearow,Normal,Flying,amber,442,65,90,65,61,61,100,1,False,Brown,two_wings,fearow.png
23,Ekans,Poison,,orange,288,35,60,44,40,54,55,1,False,Purple,serpentine_body,ekans.png
24,Arbok,Poison,,orange,438,60,85,69,65,79,80,1,False,Purple,serpentine_body,arbok.png
25,Pikachu,Electric,,yellow,320,35,55,40,50,50,90,1,False,Yellow,quadruped,pikachu.png
26,Raichu,Electric,,yellow,485,60,90,55,90,80,110,1,False,Yellow,bipedal_tailed,raichu.png
27,Sandshrew,Ground,,brown,300,50,75,85,20,30,40,1,False,Yellow,bipedal_tailed,sandshrew.png
28,Sandslash,Ground,,brown,450,75,100,110,45,55,65,1,False,Yellow,bipedal_tailed,sandslash.png
29,Nidoran♀,Poison,,orange,275,55,47,52,40,40,41,1,False,Blue,quadruped,nidoran-f.png
30,Nidorina,Poison,,orange,365,70,62,67,55,55,56,1,False,Blue,quadruped,nidorina.png
31,Nidoqueen,Poison,Ground,orange,505,90,92,87,75,85,76,1,False,Blue,bipedal_tailed,nidoqueen.png
32,Nidoran♂,Poison,,orange,273,46,57,40,40,40,50,1,False,Purple,quadruped,nidoran-m.png
33,Nidorino,Poison,,orange,365,61,72,57,55,55,65,1,False,Purple,quadruped,nidorino.png
34,Nidoking,Poison,Ground,orange,505,81,102,77,85,75,85,1,False,Purple,bipedal_tailed,nidoking.png
35,Clefairy,Fairy,,pink,323,70,45,48,60,65,35,1,False,Pink,bipedal_tailed,clefairy.png
36,Clefable,Fairy,,pink,483,95,70,73,95,90,60,1,False,Pink,bipedal_tailed,clefable.png
37,Vulpix,Fire,,red,299,38,41,40,50,65,65,1,False,Brown,quadruped,vulpix.png
38,Ninetales,Fire,,red,505,73,76,75,81,100,100,1,False,Yellow,quadruped,ninetales.png
39,Jigglypuff,Normal,Fairy,amber,270,115,45,20,45,25,20,1,False,Pink,bipedal_tailless,jigglypuff.png
40,Wigglytuff,Normal,Fairy,amber,435,140,70,45,85,50,45,1,False,Pink,bipedal_tailless,wigglytuff.png
41,Zubat,Poison,Flying,orange,245,40,45,35,30,40,55,1,False,Purple,two_wings,zubat.png
42,Golbat,Poison,Flying,orange,455,75,80,70,65,75,90,1,False,Purple,two_wings,golbat.png
43,Oddish,Grass,Poison,green,320,45,50,55,75,65,30,1,False,Blue,head_legs,oddish.png
44,Gloom,Grass,Poison,green,395,60,65,70,85,75,40,1,False,Blue,bipedal_tailless,gloom.png
45,Vileplume,Grass,Poison,green,490,75,80,85,110,90,50,1,False,Red,bipedal_tailless,vileplume.png
46,Paras,Bug,Grass,green-darken-4,285,35,70,55,45,55,25,1,False,Red,insectoid,paras.png
47,Parasect,Bug,Grass,green-darken-4,405,60,95,80,60,80,30,1,False,Red,insectoid,parasect.png
48,Venonat,Bug,Poison,green-darken-4,305,60,55,50,40,55,45,1,False,Purple,bipedal_tailless,venonat.png
49,Venomoth,Bug,Poison,green-darken-4,450,70,65,60,90,75,90,1,False,Purple,four_wings,venomoth.png
50,Diglett,Ground,,brown,265,10,55,25,35,45,95,1,False,Brown,head_base,diglett.png
51,Dugtrio,Ground,,brown,405,35,80,50,50,70,120,1,False,Brown,multiple_bodies,dugtrio.png
52,Meowth,Normal,,amber,290,40,45,35,40,40,90,1,False,Yellow,quadruped,meowth.png
53,Persian,Normal,,amber,440,65,70,60,65,65,115,1,False,Yellow,quadruped,persian.png
54,Psyduck,Water,,blue,320,50,52,48,65,50,55,1,False,Yellow,bipedal_tailed,psyduck.png
55,Golduck,Water,,blue,500,80,82,78,95,80,85,1,False,Blue,bipedal_tailed,golduck.png
56,Mankey,Fighting,,indigo,305,40,80,35,35,45,70,1,False,Brown,bipedal_tailed,mankey.png
57,Primeape,Fighting,,indigo,455,65,105,60,60,70,95,1,False,Brown,bipedal_tailed,primeape.png
58,Growlithe,Fire,,red,350,55,70,45,70,50,60,1,False,Brown,quadruped,growlithe.png
59,Arcanine,Fire,,red,555,90,110,80,100,80,95,1,False,Brown,quadruped,arcanine.png
60,Poliwag,Water,,blue,300,40,50,40,40,40,90,1,False,Blue,head_legs,poliwag.png
61,Poliwhirl,Water,,blue,385,65,65,65,50,50,90,1,False,Blue,bipedal_tailless,poliwhirl.png
62,Poliwrath,Water,Fighting,blue,510,90,95,95,70,90,70,1,False,Blue,bipedal_tailless,poliwrath.png
63,Abra,Psychic,,cyan,310,25,20,15,105,55,90,1,False,Brown,bipedal_tailed,abra.png
64,Kadabra,Psychic,,cyan,400,40,35,30,120,70,105,1,False,Brown,bipedal_tailed,kadabra.png
65,Alakazam,Psychic,,cyan,500,55,50,45,135,95,120,1,False,Brown,bipedal_tailless,alakazam.png
66,Machop,Fighting,,indigo,305,70,80,50,35,35,35,1,False,Grey,bipedal_tailed,machop.png
67,Machoke,Fighting,,indigo,405,80,100,70,50,60,45,1,False,Grey,bipedal_tailless,machoke.png
68,Machamp,Fighting,,indigo,505,90,130,80,65,85,55,1,False,Grey,bipedal_tailless,machamp.png
69,Bellsprout,Grass,Poison,green,300,50,75,35,70,30,40,1,False,Green,bipedal_tailless,bellsprout.png
70,Weepinbell,Grass,Poison,green,390,65,90,50,85,45,55,1,False,Green,head_base,weepinbell.png
71,Victreebel,Grass,Poison,green,490,80,105,65,100,70,70,1,False,Green,head_base,victreebel.png
72,Tentacool,Water,Poison,blue,335,40,40,35,50,100,70,1,False,Blue,several_limbs,tentacool.png
73,Tentacruel,Water,Poison,blue,515,80,70,65,80,120,100,1,False,Blue,several_limbs,tentacruel.png
74,Geodude,Rock,Ground,grey,300,40,80,100,30,30,20,1,False,Brown,head_arms,geodude.png
75,Graveler,Rock,Ground,grey,390,55,95,115,45,45,35,1,False,Brown,bipedal_tailless,graveler.png
76,Golem,Rock,Ground,grey,495,80,120,130,55,65,45,1,False,Brown,bipedal_tailless,golem.png
77,Ponyta,Fire,,red,410,50,85,55,65,65,90,1,False,Yellow,quadruped,ponyta.png
78,Rapidash,Fire,,red,500,65,100,70,80,80,105,1,False,Yellow,quadruped,rapidash.png
79,Slowpoke,Water,Psychic,blue,315,90,65,65,40,40,15,1,False,Pink,quadruped,slowpoke.png
80,Slowbro,Water,Psychic,blue,490,95,75,110,100,80,30,1,False,Pink,bipedal_tailed,slowbro.png
81,Magnemite,Electric,Steel,yellow,325,25,35,70,95,55,45,1,False,Grey,head_arms,magnemite.png
82,Magneton,Electric,Steel,yellow,465,50,60,95,120,70,70,1,False,Grey,multiple_bodies,magneton.png
83,Farfetch'd,Normal,Flying,amber,352,52,65,55,58,62,60,1,False,Brown,two_wings,farfetchd.png
84,Doduo,Normal,Flying,amber,310,35,85,45,35,35,75,1,False,Brown,head_legs,doduo.png
85,Dodrio,Normal,Flying,amber,460,60,110,70,60,60,100,1,False,Brown,head_legs,dodrio.png
86,Seel,Water,,blue,325,65,45,55,45,70,45,1,False,White,with_fins,seel.png
87,Dewgong,Water,Ice,blue,475,90,70,80,70,95,70,1,False,White,with_fins,dewgong.png
88,Grimer,Poison,,orange,325,80,80,50,40,50,25,1,False,Purple,head_arms,grimer.png
89,Muk,Poison,,orange,500,105,105,75,65,100,50,1,False,Purple,head_arms,muk.png
90,Shellder,Water,,blue,305,30,65,100,45,25,40,1,False,Purple,head_only,shellder.png
91,Cloyster,Water,Ice,blue,525,50,95,180,85,45,70,1,False,Purple,head_only,cloyster.png
92,Gastly,Ghost,Poison,grey-darken-2,310,30,35,30,100,35,80,1,False,Purple,head_only,gastly.png
93,Haunter,Ghost,Poison,grey-darken-2,405,45,50,45,115,55,95,1,False,Purple,head_arms,haunter.png
94,Gengar,Ghost,Poison,grey-darken-2,500,60,65,60,130,75,110,1,False,Purple,bipedal_tailed,gengar.png
95,Onix,Rock,Ground,grey,385,35,45,160,30,45,70,1,False,Grey,serpentine_body,onix.png
96,Drowzee,Psychic,,cyan,328,60,48,45,43,90,42,1,False,Yellow,bipedal_tailless,drowzee.png
97,Hypno,Psychic,,cyan,483,85,73,70,73,115,67,1,False,Yellow,bipedal_tailless,hypno.png
98,Krabby,Water,,blue,325,30,105,90,25,25,50,1,False,Red,insectoid,krabby.png
99,Kingler,Water,,blue,475,55,130,115,50,50,75,1,False,Red,insectoid,kingler.png
100,Voltorb,Electric,,yellow,330,40,30,50,55,55,100,1,False,Red,head_only,voltorb.png
101,Electrode,Electric,,yellow,480,60,50,70,80,80,140,1,False,Red,head_only,electrode.png
102,Exeggcute,Grass,Psychic,green,325,60,40,80,60,45,40,1,False,Pink,multiple_bodies,exeggcute.png
103,Exeggutor,Grass,Psychic,green,520,95,95,85,125,65,55,1,False,Yellow,head_legs,exeggutor.png
104,Cubone,Ground,,brown,320,50,50,95,40,50,35,1,False,Brown,bipedal_tailed,cubone.png
105,Marowak,Ground,,brown,425,60,80,110,50,80,45,1,False,Brown,bipedal_tailed,marowak.png
106,Hitmonlee,Fighting,,indigo,455,50,120,53,35,110,87,1,False,Brown,bipedal_tailless,hitmonlee.png
107,Hitmonchan,Fighting,,indigo,455,50,105,79,35,110,76,1,False,Brown,bipedal_tailless,hitmonchan.png
108,Lickitung,Normal,,amber,385,90,55,75,60,75,30,1,False,Pink,bipedal_tailed,lickitung.png
109,Koffing,Poison,,orange,340,40,65,95,60,45,35,1,False,Purple,head_only,koffing.png
110,Weezing,Poison,,orange,490,65,90,120,85,70,60,1,False,Purple,multiple_bodies,weezing.png
111,Rhyhorn,Ground,Rock,brown,345,80,85,95,30,30,25,1,False,Grey,quadruped,rhyhorn.png
112,Rhydon,Ground,Rock,brown,485,105,130,120,45,45,40,1,False,Grey,bipedal_tailed,rhydon.png
113,Chansey,Normal,,amber,450,250,5,5,35,105,50,1,False,Pink,bipedal_tailed,chansey.png
114,Tangela,Grass,,green,435,65,55,115,100,40,60,1,False,Blue,head_legs,tangela.png
115,Kangaskhan,Normal,,amber,490,105,95,80,40,80,90,1,False,Brown,bipedal_tailed,kangaskhan.png
116,Horsea,Water,,blue,295,30,40,70,70,25,60,1,False,Blue,head_base,horsea.png
117,Seadra,Water,,blue,440,55,65,95,95,45,85,1,False,Blue,head_base,seadra.png
118,Goldeen,Water,,blue,320,45,67,60,35,50,63,1,False,Red,with_fins,goldeen.png
119,Seaking,Water,,blue,450,80,92,65,65,80,68,1,False,Red,with_fins,seaking.png
120,Staryu,Water,,blue,340,30,45,55,70,55,85,1,False,Brown,head_base,staryu.png
121,Starmie,Water,Psychic,blue,520,60,75,85,100,85,115,1,False,Purple,head_base,starmie.png
122,Mr._Mime,Psychic,Fairy,cyan,460,40,45,65,100,120,90,1,False,Pink,bipedal_tailless,mr-mime.png
123,Scyther,Bug,Flying,green-darken-4,500,70,110,80,55,80,105,1,False,Green,four_wings,scyther.png
124,Jynx,Ice,Psychic,light-blue,455,65,50,35,115,95,95,1,False,Red,bipedal_tailless,jynx.png
125,Electabuzz,Electric,,yellow,490,65,83,57,95,85,105,1,False,Yellow,bipedal_tailed,electabuzz.png
126,Magmar,Fire,,red,495,65,95,57,100,85,93,1,False,Red,bipedal_tailed,magmar.png
127,Pinsir,Bug,,green-darken-4,500,65,125,100,55,70,85,1,False,Brown,bipedal_tailless,pinsir.png
128,Tauros,Normal,,amber,490,75,100,95,40,70,110,1,False,Brown,quadruped,tauros.png
129,Magikarp,Water,,blue,200,20,10,55,15,20,80,1,False,Red,with_fins,magikarp.png
130,Gyarados,Water,Flying,blue,540,95,125,79,60,100,81,1,False,Blue,serpentine_body,gyarados.png
131,Lapras,Water,Ice,blue,535,130,85,80,85,95,60,1,False,Blue,with_fins,lapras.png
132,Ditto,Normal,,amber,288,48,48,48,48,48,48,1,False,Purple,head_only,ditto.png
133,Eevee,Normal,,amber,325,55,55,50,45,65,55,1,False,Brown,quadruped,eevee.png
134,Vaporeon,Water,,blue,525,130,65,60,110,95,65,1,False,Blue,quadruped,vaporeon.png
135,Jolteon,Electric,,yellow,525,65,65,60,110,95,130,1,False,Yellow,quadruped,jolteon.png
136,Flareon,Fire,,red,525,65,130,60,95,110,65,1,False,Red,quadruped,flareon.png
137,Porygon,Normal,,amber,395,65,60,70,85,75,40,1,False,Pink,head_legs,porygon-z.png
138,Omanyte,Rock,Water,grey,355,35,40,100,90,55,35,1,False,Blue,several_limbs,omanyte.png
139,Omastar,Rock,Water,grey,495,70,60,125,115,70,55,1,False,Blue,several_limbs,omastar.png
140,Kabuto,Rock,Water,grey,355,30,80,90,55,45,55,1,False,Brown,insectoid,kabuto.png
141,Kabutops,Rock,Water,grey,495,60,115,105,65,70,80,1,False,Brown,bipedal_tailed,kabutops.png
142,Aerodactyl,Rock,Flying,grey,515,80,105,65,60,75,130,1,False,Purple,two_wings,aerodactyl.png
143,Snorlax,Normal,,amber,540,160,110,65,65,110,30,1,False,Black,bipedal_tailless,snorlax.png
144,Articuno,Ice,Flying,light-blue,580,90,85,100,95,125,85,1,True,Blue,two_wings,articuno.png
145,Zapdos,Electric,Flying,yellow,580,90,90,85,125,90,100,1,True,Yellow,two_wings,zapdos.png
146,Moltres,Fire,Flying,red,580,90,100,90,125,85,90,1,True,Yellow,two_wings,moltres.png
147,Dratini,Dragon,,deep-orange,300,41,64,45,50,50,50,1,False,Blue,serpentine_body,dratini.png
148,Dragonair,Dragon,,deep-orange,420,61,84,65,70,70,70,1,False,Blue,serpentine_body,dragonair.png
149,Dragonite,Dragon,Flying,deep-orange,600,91,134,95,100,100,80,1,False,Brown,bipedal_tailed,dragonite.png
150,Mewtwo,Psychic,,cyan,680,106,110,90,154,90,130,1,True,Purple,bipedal_tailed,mewtwo.png
151,Mew,Psychic,,cyan,600,100,100,100,100,100,100,1,False,Pink,bipedal_tailed,mew.png
152,Chikorita,Grass,,green,318,45,49,65,49,65,45,2,False,Green,quadruped,chikorita.png
153,Bayleef,Grass,,green,405,60,62,80,63,80,60,2,False,Green,quadruped,bayleef.png
154,Meganium,Grass,,green,525,80,82,100,83,100,80,2,False,Green,quadruped,meganium.png
155,Cyndaquil,Fire,,red,309,39,52,43,60,50,65,2,False,Yellow,bipedal_tailless,cyndaquil.png
156,Quilava,Fire,,red,405,58,64,58,80,65,80,2,False,Yellow,quadruped,quilava.png
157,Typhlosion,Fire,,red,534,78,84,78,109,85,100,2,False,Yellow,quadruped,typhlosion.png
158,Totodile,Water,,blue,314,50,65,64,44,48,43,2,False,Blue,bipedal_tailed,totodile.png
159,Croconaw,Water,,blue,405,65,80,80,59,63,58,2,False,Blue,bipedal_tailed,croconaw.png
160,Feraligatr,Water,,blue,530,85,105,100,79,83,78,2,False,Blue,bipedal_tailed,feraligatr.png
161,Sentret,Normal,,amber,215,35,46,34,35,45,20,2,False,Brown,quadruped,sentret.png
162,Furret,Normal,,amber,415,85,76,64,45,55,90,2,False,Brown,quadruped,furret.png
163,Hoothoot,Normal,Flying,amber,262,60,30,30,36,56,50,2,False,Brown,two_wings,hoothoot.png
164,Noctowl,Normal,Flying,amber,442,100,50,50,76,96,70,2,False,Brown,two_wings,noctowl.png
165,Ledyba,Bug,Flying,green-darken-4,265,40,20,30,40,80,55,2,False,Red,two_wings,ledyba.png
166,Ledian,Bug,Flying,green-darken-4,390,55,35,50,55,110,85,2,False,Red,two_wings,ledian.png
167,Spinarak,Bug,Poison,green-darken-4,250,40,60,40,40,40,30,2,False,Green,insectoid,spinarak.png
168,Ariados,Bug,Poison,green-darken-4,390,70,90,70,60,60,40,2,False,Red,insectoid,ariados.png
169,Crobat,Poison,Flying,orange,535,85,90,80,70,80,130,2,False,Purple,four_wings,crobat.png
170,Chinchou,Water,Electric,blue,330,75,38,38,56,56,67,2,False,Blue,with_fins,chinchou.png
171,Lanturn,Water,Electric,blue,460,125,58,58,76,76,67,2,False,Blue,with_fins,lanturn.png
172,Pichu,Electric,,yellow,205,20,40,15,35,35,60,2,False,Yellow,quadruped,pichu.png
173,Cleffa,Fairy,,pink,218,50,25,28,45,55,15,2,False,Pink,bipedal_tailed,cleffa.png
174,Igglybuff,Normal,Fairy,amber,210,90,30,15,40,20,15,2,False,Pink,bipedal_tailless,igglybuff.png
175,Togepi,Fairy,,pink,245,35,20,65,40,65,20,2,False,White,bipedal_tailless,togepi.png
176,Togetic,Fairy,Flying,pink,405,55,40,85,80,105,40,2,False,White,bipedal_tailless,togetic.png
177,Natu,Psychic,Flying,cyan,320,40,50,45,70,45,70,2,False,Green,two_wings,natu.png
178,Xatu,Psychic,Flying,cyan,470,65,75,70,95,70,95,2,False,Green,two_wings,xatu.png
179,Mareep,Electric,,yellow,280,55,40,40,65,45,35,2,False,White,quadruped,mareep.png
180,Flaaffy,Electric,,yellow,365,70,55,55,80,60,45,2,False,Pink,bipedal_tailed,flaaffy.png
181,Ampharos,Electric,,yellow,510,90,75,85,115,90,55,2,False,Yellow,bipedal_tailed,ampharos.png
182,Bellossom,Grass,,green,490,75,80,95,90,100,50,2,False,Green,bipedal_tailless,bellossom.png
183,Marill,Water,Fairy,blue,250,70,20,50,20,50,40,2,False,Blue,bipedal_tailed,marill.png
184,Azumarill,Water,Fairy,blue,420,100,50,80,60,80,50,2,False,Blue,bipedal_tailed,azumarill.png
185,Sudowoodo,Rock,,grey,410,70,100,115,30,65,30,2,False,Brown,bipedal_tailless,sudowoodo.png
186,Politoed,Water,,blue,500,90,75,75,90,100,70,2,False,Green,bipedal_tailed,politoed.png
187,Hoppip,Grass,Flying,green,250,35,35,40,35,55,50,2,False,Pink,bipedal_tailed,hoppip.png
188,Skiploom,Grass,Flying,green,340,55,45,50,45,65,80,2,False,Green,bipedal_tailed,skiploom.png
189,Jumpluff,Grass,Flying,green,460,75,55,70,55,95,110,2,False,Blue,bipedal_tailed,jumpluff.png
190,Aipom,Normal,,amber,360,55,70,55,40,55,85,2,False,Purple,bipedal_tailed,aipom.png
191,Sunkern,Grass,,green,180,30,30,30,30,30,30,2,False,Yellow,head_only,sunkern.png
192,Sunflora,Grass,,green,425,75,75,55,105,85,30,2,False,Yellow,bipedal_tailless,sunflora.png
193,Yanma,Bug,Flying,green-darken-4,390,65,65,45,75,45,95,2,False,Red,four_wings,yanma.png
194,Wooper,Water,Ground,blue,210,55,45,45,25,25,15,2,False,Blue,head_legs,wooper.png
195,Quagsire,Water,Ground,blue,430,95,85,85,65,65,35,2,False,Blue,bipedal_tailed,quagsire.png
196,Espeon,Psychic,,cyan,525,65,65,60,130,95,110,2,False,Purple,quadruped,espeon.png
197,Umbreon,Dark,,black,525,95,65,110,60,130,65,2,False,Black,quadruped,umbreon.png
198,Murkrow,Dark,Flying,black,405,60,85,42,85,42,91,2,False,Black,two_wings,murkrow.png
199,Slowking,Water,Psychic,blue,490,95,75,80,100,110,30,2,False,Pink,bipedal_tailed,slowking.png
200,Misdreavus,Ghost,,grey-darken-2,435,60,60,60,85,85,85,2,False,Purple,head_only,misdreavus.png
201,Unown,Psychic,,cyan,336,48,72,48,72,48,48,2,False,Black,head_only,unown.png
202,Wobbuffet,Psychic,,cyan,405,190,33,58,33,58,33,2,False,Blue,head_base,wobbuffet.png
203,Girafarig,Normal,Psychic,amber,455,70,80,65,90,65,85,2,False,Yellow,quadruped,girafarig.png
204,Pineco,Bug,,green-darken-4,290,50,65,90,35,35,15,2,False,Grey,head_only,pineco.png
205,Forretress,Bug,Steel,green-darken-4,465,75,90,140,60,60,40,2,False,Purple,head_only,forretress.png
206,Dunsparce,Normal,,amber,415,100,70,70,65,65,45,2,False,Yellow,serpentine_body,dunsparce.png
207,Gligar,Ground,Flying,brown,430,65,75,105,35,65,85,2,False,Purple,two_wings,gligar.png
208,Steelix,Steel,Ground,blue-grey,510,75,85,200,55,65,30,2,False,Grey,serpentine_body,steelix.png
209,Snubbull,Fairy,,pink,300,60,80,50,40,40,30,2,False,Pink,bipedal_tailless,snubbull.png
210,Granbull,Fairy,,pink,450,90,120,75,60,60,45,2,False,Purple,bipedal_tailed,granbull.png
211,Qwilfish,Water,Poison,blue,430,65,95,75,55,55,85,2,False,Grey,with_fins,qwilfish.png
212,Scizor,Bug,Steel,green-darken-4,500,70,130,100,55,80,65,2,False,Red,four_wings,scizor.png
213,Shuckle,Bug,Rock,green-darken-4,505,20,10,230,10,230,5,2,False,Yellow,insectoid,shuckle.png
214,Heracross,Bug,Fighting,green-darken-4,500,80,125,75,40,95,85,2,False,Blue,bipedal_tailless,heracross.png
215,Sneasel,Dark,Ice,black,430,55,95,55,35,75,115,2,False,Black,bipedal_tailed,sneasel.png
216,Teddiursa,Normal,,amber,330,60,80,50,50,50,40,2,False,Brown,bipedal_tailed,teddiursa.png
217,Ursaring,Normal,,amber,500,90,130,75,75,75,55,2,False,Brown,bipedal_tailed,ursaring.png
218,Slugma,Fire,,red,250,40,40,40,70,40,20,2,False,Red,serpentine_body,slugma.png
219,Magcargo,Fire,Rock,red,410,50,50,120,80,80,30,2,False,Red,serpentine_body,magcargo.png
220,Swinub,Ice,Ground,light-blue,250,50,50,40,30,30,50,2,False,Brown,quadruped,swinub.png
221,Piloswine,Ice,Ground,light-blue,450,100,100,80,60,60,50,2,False,Brown,quadruped,piloswine.png
222,Corsola,Water,Rock,blue,380,55,55,85,65,85,35,2,False,Pink,insectoid,corsola.png
223,Remoraid,Water,,blue,300,35,65,35,65,35,65,2,False,Grey,with_fins,remoraid.png
224,Octillery,Water,,blue,480,75,105,75,105,75,45,2,False,Red,several_limbs,octillery.png
225,Delibird,Ice,Flying,light-blue,330,45,55,45,65,45,75,2,False,Red,two_wings,delibird.png
226,Mantine,Water,Flying,blue,465,65,40,70,80,140,70,2,False,Purple,two_wings,mantine.png
227,Skarmory,Steel,Flying,blue-grey,465,65,80,140,40,70,70,2,False,Grey,two_wings,skarmory.png
228,Houndour,Dark,Fire,black,330,45,60,30,80,50,65,2,False,Black,quadruped,houndour.png
229,Houndoom,Dark,Fire,black,500,75,90,50,110,80,95,2,False,Black,quadruped,houndoom.png
230,Kingdra,Water,Dragon,blue,540,75,95,95,95,95,85,2,False,Blue,head_base,kingdra.png
231,Phanpy,Ground,,brown,330,90,60,60,40,40,40,2,False,Blue,quadruped,phanpy.png
232,Donphan,Ground,,brown,500,90,120,120,60,60,50,2,False,Grey,quadruped,donphan.png
233,Porygon2,Normal,,amber,515,85,80,90,105,95,60,2,False,Red,head_legs,porygon2.png
234,Stantler,Normal,,amber,465,73,95,62,85,65,85,2,False,Brown,quadruped,stantler.png
235,Smeargle,Normal,,amber,250,55,20,35,20,45,75,2,False,White,bipedal_tailed,smeargle.png
236,Tyrogue,Fighting,,indigo,210,35,35,35,35,35,35,2,False,Purple,bipedal_tailless,tyrogue.png
237,Hitmontop,Fighting,,indigo,455,50,95,95,35,110,70,2,False,Brown,bipedal_tailed,hitmontop.png
238,Smoochum,Ice,Psychic,light-blue,305,45,30,15,85,65,65,2,False,Pink,bipedal_tailless,smoochum.png
239,Elekid,Electric,,yellow,360,45,63,37,65,55,95,2,False,Yellow,bipedal_tailless,elekid.png
240,Magby,Fire,,red,365,45,75,37,70,55,83,2,False,Red,bipedal_tailed,magby.png
241,Miltank,Normal,,amber,490,95,80,105,40,70,100,2,False,Pink,bipedal_tailed,miltank.png
242,Blissey,Normal,,amber,540,255,10,10,75,135,55,2,False,Pink,bipedal_tailless,blissey.png
243,Raikou,Electric,,yellow,580,90,85,75,115,100,115,2,True,Yellow,quadruped,raikou.png
244,Entei,Fire,,red,580,115,115,85,90,75,100,2,True,Brown,quadruped,entei.png
245,Suicune,Water,,blue,580,100,75,115,90,115,85,2,True,Blue,quadruped,suicune.png
246,Larvitar,Rock,Ground,grey,300,50,64,50,45,50,41,2,False,Green,bipedal_tailed,larvitar.png
247,Pupitar,Rock,Ground,grey,410,70,84,70,65,70,51,2,False,Grey,serpentine_body,pupitar.png
248,Tyranitar,Rock,Dark,grey,600,100,134,110,95,100,61,2,False,Green,bipedal_tailed,tyranitar.png
249,Lugia,Psychic,Flying,cyan,680,106,90,130,90,154,110,2,True,White,two_wings,lugia.png
250,Ho-Oh,Fire,Flying,red,680,106,130,90,110,154,90,2,True,Red,two_wings,ho-oh.png
251,Celebi,Psychic,Grass,cyan,600,100,100,100,100,100,100,2,False,Green,bipedal_tailless,celebi.png
252,Treecko,Grass,,green,310,40,45,35,65,55,70,3,False,Green,bipedal_tailed,treecko.png
253,Grovyle,Grass,,green,405,50,65,45,85,65,95,3,False,Green,bipedal_tailed,grovyle.png
254,Sceptile,Grass,,green,530,70,85,65,105,85,120,3,False,Green,bipedal_tailed,sceptile.png
255,Torchic,Fire,,red,310,45,60,40,70,50,45,3,False,Red,head_legs,torchic.png
256,Combusken,Fire,Fighting,red,405,60,85,60,85,60,55,3,False,Red,bipedal_tailed,combusken.png
257,Blaziken,Fire,Fighting,red,530,80,120,70,110,70,80,3,False,Red,bipedal_tailed,blaziken.png
258,Mudkip,Water,,blue,310,50,70,50,50,50,40,3,False,Blue,quadruped,mudkip.png
259,Marshtomp,Water,Ground,blue,405,70,85,70,60,70,50,3,False,Blue,bipedal_tailed,marshtomp.png
260,Swampert,Water,Ground,blue,535,100,110,90,85,90,60,3,False,Blue,bipedal_tailed,swampert.png
261,Poochyena,Dark,,black,220,35,55,35,30,30,35,3,False,Grey,quadruped,poochyena.png
262,Mightyena,Dark,,black,420,70,90,70,60,60,70,3,False,Grey,quadruped,mightyena.png
263,Zigzagoon,Normal,,amber,240,38,30,41,30,41,60,3,False,Brown,quadruped,zigzagoon.png
264,Linoone,Normal,,amber,420,78,70,61,50,61,100,3,False,White,quadruped,linoone.png
265,Wurmple,Bug,,green-darken-4,195,45,45,35,20,30,20,3,False,Red,serpentine_body,wurmple.png
266,Silcoon,Bug,,green-darken-4,205,50,35,55,25,25,15,3,False,White,head_only,silcoon.png
267,Beautifly,Bug,Flying,green-darken-4,395,60,70,50,100,50,65,3,False,Yellow,four_wings,beautifly.png
268,Cascoon,Bug,,green-darken-4,205,50,35,55,25,25,15,3,False,Purple,head_only,cascoon.png
269,Dustox,Bug,Poison,green-darken-4,385,60,50,70,50,90,65,3,False,Green,four_wings,dustox.png
270,Lotad,Water,Grass,blue,220,40,30,30,40,50,30,3,False,Green,insectoid,lotad.png
271,Lombre,Water,Grass,blue,340,60,50,50,60,70,50,3,False,Green,bipedal_tailless,lombre.png
272,Ludicolo,Water,Grass,blue,480,80,70,70,90,100,70,3,False,Green,bipedal_tailless,ludicolo.png
273,Seedot,Grass,,green,220,40,40,50,30,30,30,3,False,Brown,head_legs,seedot.png
274,Nuzleaf,Grass,Dark,green,340,70,70,40,60,40,60,3,False,Brown,bipedal_tailless,nuzleaf.png
275,Shiftry,Grass,Dark,green,480,90,100,60,90,60,80,3,False,Brown,bipedal_tailless,shiftry.png
276,Taillow,Normal,Flying,amber,270,40,55,30,30,30,85,3,False,Blue,two_wings,taillow.png
277,Swellow,Normal,Flying,amber,430,60,85,60,50,50,125,3,False,Blue,two_wings,swellow.png
278,Wingull,Water,Flying,blue,270,40,30,30,55,30,85,3,False,White,two_wings,wingull.png
279,Pelipper,Water,Flying,blue,430,60,50,100,85,70,65,3,False,Yellow,two_wings,pelipper.png
280,Ralts,Psychic,Fairy,cyan,198,28,25,25,45,35,40,3,False,White,bipedal_tailless,ralts.png
281,Kirlia,Psychic,Fairy,cyan,278,38,35,35,65,55,50,3,False,White,bipedal_tailless,kirlia.png
282,Gardevoir,Psychic,Fairy,cyan,518,68,65,65,125,115,80,3,False,White,bipedal_tailless,gardevoir.png
283,Surskit,Bug,Water,green-darken-4,269,40,30,32,50,52,65,3,False,Blue,insectoid,surskit.png
284,Masquerain,Bug,Flying,green-darken-4,414,70,60,62,80,82,60,3,False,Blue,four_wings,masquerain.png
285,Shroomish,Grass,,green,295,60,40,60,40,60,35,3,False,Brown,head_legs,shroomish.png
286,Breloom,Grass,Fighting,green,460,60,130,80,60,60,70,3,False,Green,bipedal_tailed,breloom.png
287,Slakoth,Normal,,amber,280,60,60,60,35,35,30,3,False,Brown,quadruped,slakoth.png
288,Vigoroth,Normal,,amber,440,80,80,80,55,55,90,3,False,White,bipedal_tailed,vigoroth.png
289,Slaking,Normal,,amber,670,150,160,100,95,65,100,3,False,Brown,bipedal_tailless,slaking.png
290,Nincada,Bug,Ground,green-darken-4,266,31,45,90,30,30,40,3,False,Grey,insectoid,nincada.png
291,Ninjask,Bug,Flying,green-darken-4,456,61,90,45,50,50,160,3,False,Yellow,four_wings,ninjask.png
292,Shedinja,Bug,Ghost,green-darken-4,236,1,90,45,30,30,40,3,False,Brown,head_base,shedinja.png
293,Whismur,Normal,,amber,240,64,51,23,51,23,28,3,False,Pink,bipedal_tailed,whismur.png
294,Loudred,Normal,,amber,360,84,71,43,71,43,48,3,False,Blue,bipedal_tailed,loudred.png
295,Exploud,Normal,,amber,490,104,91,63,91,73,68,3,False,Blue,bipedal_tailed,exploud.png
296,Makuhita,Fighting,,indigo,237,72,60,30,20,30,25,3,False,Yellow,bipedal_tailless,makuhita.png
297,Hariyama,Fighting,,indigo,474,144,120,60,40,60,50,3,False,Brown,bipedal_tailless,hariyama.png
298,Azurill,Normal,Fairy,amber,190,50,20,40,20,40,20,3,False,Blue,head_legs,azurill.png
299,Nosepass,Rock,,grey,375,30,45,135,45,90,30,3,False,Grey,bipedal_tailless,nosepass.png
300,Skitty,Normal,,amber,260,50,45,45,35,35,50,3,False,Pink,quadruped,skitty.png
301,Delcatty,Normal,,amber,380,70,65,65,55,55,70,3,False,Purple,quadruped,delcatty.png
302,Sableye,Dark,Ghost,black,380,50,75,75,65,65,50,3,False,Purple,bipedal_tailless,sableye.png
303,Mawile,Steel,Fairy,blue-grey,380,50,85,85,55,55,50,3,False,Black,bipedal_tailless,mawile.png
304,Aron,Steel,Rock,blue-grey,330,50,70,100,40,40,30,3,False,Grey,quadruped,aron.png
305,Lairon,Steel,Rock,blue-grey,430,60,90,140,50,50,40,3,False,Grey,quadruped,lairon.png
306,Aggron,Steel,Rock,blue-grey,530,70,110,180,60,60,50,3,False,Grey,bipedal_tailed,aggron.png
307,Meditite,Fighting,Psychic,indigo,280,30,40,55,40,55,60,3,False,Blue,bipedal_tailless,meditite.png
308,Medicham,Fighting,Psychic,indigo,410,60,60,75,60,75,80,3,False,Red,bipedal_tailless,medicham.png
309,Electrike,Electric,,yellow,295,40,45,40,65,40,65,3,False,Green,quadruped,electrike.png
310,Manectric,Electric,,yellow,475,70,75,60,105,60,105,3,False,Yellow,quadruped,manectric.png
311,Plusle,Electric,,yellow,405,60,50,40,85,75,95,3,False,Yellow,bipedal_tailed,plusle.png
312,Minun,Electric,,yellow,405,60,40,50,75,85,95,3,False,Yellow,bipedal_tailed,minun.png
313,Volbeat,Bug,,green-darken-4,400,65,73,55,47,75,85,3,False,Grey,bipedal_tailed,volbeat.png
314,Illumise,Bug,,green-darken-4,400,65,47,55,73,75,85,3,False,Purple,bipedal_tailless,illumise.png
315,Roselia,Grass,Poison,green,400,50,60,45,100,80,65,3,False,Green,bipedal_tailless,roselia.png
316,Gulpin,Poison,,orange,302,70,43,53,43,53,40,3,False,Green,head_arms,gulpin.png
317,Swalot,Poison,,orange,467,100,73,83,73,83,55,3,False,Purple,head_arms,swalot.png
318,Carvanha,Water,Dark,blue,305,45,90,20,65,20,65,3,False,Red,with_fins,carvanha.png
319,Sharpedo,Water,Dark,blue,460,70,120,40,95,40,95,3,False,Blue,with_fins,sharpedo.png
320,Wailmer,Water,,blue,400,130,70,35,70,35,60,3,False,Blue,with_fins,wailmer.png
321,Wailord,Water,,blue,500,170,90,45,90,45,60,3,False,Blue,with_fins,wailord.png
322,Numel,Fire,Ground,red,305,60,60,40,65,45,35,3,False,Yellow,quadruped,numel.png
323,Camerupt,Fire,Ground,red,460,70,100,70,105,75,40,3,False,Red,quadruped,camerupt.png
324,Torkoal,Fire,,red,470,70,85,140,85,70,20,3,False,Brown,quadruped,torkoal.png
325,Spoink,Psychic,,cyan,330,60,25,35,70,80,60,3,False,Black,head_arms,spoink.png
326,Grumpig,Psychic,,cyan,470,80,45,65,90,110,80,3,False,Purple,bipedal_tailed,grumpig.png
327,Spinda,Normal,,amber,360,60,60,60,60,60,60,3,False,Brown,bipedal_tailed,spinda.png
328,Trapinch,Ground,,brown,290,45,100,45,45,45,10,3,False,Brown,insectoid,trapinch.png
329,Vibrava,Ground,Dragon,brown,340,50,70,50,50,50,70,3,False,Green,four_wings,vibrava.png
330,Flygon,Ground,Dragon,brown,520,80,100,80,80,80,100,3,False,Green,two_wings,flygon.png
331,Cacnea,Grass,,green,335,50,85,40,85,40,35,3,False,Green,bipedal_tailless,cacnea.png
332,Cacturne,Grass,Dark,green,475,70,115,60,115,60,55,3,False,Green,bipedal_tailless,cacturne.png
333,Swablu,Normal,Flying,amber,310,45,40,60,40,75,50,3,False,Blue,two_wings,swablu.png
334,Altaria,Dragon,Flying,deep-orange,490,75,70,90,70,105,80,3,False,Blue,two_wings,altaria.png
335,Zangoose,Normal,,amber,458,73,115,60,60,60,90,3,False,White,bipedal_tailed,zangoose.png
336,Seviper,Poison,,orange,458,73,100,60,100,60,65,3,False,Black,serpentine_body,seviper.png
337,Lunatone,Rock,Psychic,grey,440,70,55,65,95,85,70,3,False,Yellow,head_only,lunatone.png
338,Solrock,Rock,Psychic,grey,440,70,95,85,55,65,70,3,False,Red,head_only,solrock.png
339,Barboach,Water,Ground,blue,288,50,48,43,46,41,60,3,False,Grey,with_fins,barboach.png
340,Whiscash,Water,Ground,blue,468,110,78,73,76,71,60,3,False,Blue,with_fins,whiscash.png
341,Corphish,Water,,blue,308,43,80,65,50,35,35,3,False,Red,insectoid,corphish.png
342,Crawdaunt,Water,Dark,blue,468,63,120,85,90,55,55,3,False,Red,insectoid,crawdaunt.png
343,Baltoy,Ground,Psychic,brown,300,40,40,55,40,70,55,3,False,Brown,head_arms,baltoy.png
344,Claydol,Ground,Psychic,brown,500,60,70,105,70,120,75,3,False,Black,head_arms,claydol.png
345,Lileep,Rock,Grass,grey,355,66,41,77,61,87,23,3,False,Purple,head_base,lileep.png
346,Cradily,Rock,Grass,grey,495,86,81,97,81,107,43,3,False,Green,head_base,cradily.png
347,Anorith,Rock,Bug,grey,355,45,95,50,40,50,75,3,False,Grey,insectoid,anorith.png
348,Armaldo,Rock,Bug,grey,495,75,125,100,70,80,45,3,False,Grey,bipedal_tailed,armaldo.png
349,Feebas,Water,,blue,200,20,15,20,10,55,80,3,False,Brown,with_fins,feebas.png
350,Milotic,Water,,blue,540,95,60,79,100,125,81,3,False,Pink,serpentine_body,milotic.png
351,Castform,Normal,,amber,420,70,70,70,70,70,70,3,False,White,head_only,castform.png
352,Kecleon,Normal,,amber,440,60,90,70,60,120,40,3,False,Green,bipedal_tailed,kecleon.png
353,Shuppet,Ghost,,grey-darken-2,295,44,75,35,63,33,45,3,False,Black,head_only,shuppet.png
354,Banette,Ghost,,grey-darken-2,455,64,115,65,83,63,65,3,False,Black,bipedal_tailed,banette.png
355,Duskull,Ghost,,grey-darken-2,295,20,40,90,30,90,25,3,False,Black,head_arms,duskull.png
356,Dusclops,Ghost,,grey-darken-2,455,40,70,130,60,130,25,3,False,Black,bipedal_tailless,dusclops.png
357,Tropius,Grass,Flying,green,460,99,68,83,72,87,51,3,False,Green,quadruped,tropius.png
358,Chimecho,Psychic,,cyan,425,65,50,70,95,80,65,3,False,Blue,head_arms,chimecho.png
359,Absol,Dark,,black,465,65,130,60,75,60,75,3,False,White,quadruped,absol.png
360,Wynaut,Psychic,,cyan,260,95,23,48,23,48,23,3,False,Blue,bipedal_tailed,wynaut.png
361,Snorunt,Ice,,light-blue,300,50,50,50,50,50,50,3,False,Grey,bipedal_tailless,snorunt.png
362,Glalie,Ice,,light-blue,480,80,80,80,80,80,80,3,False,Grey,head_only,glalie.png
363,Spheal,Ice,Water,light-blue,290,70,40,50,55,50,25,3,False,Blue,with_fins,spheal.png
364,Sealeo,Ice,Water,light-blue,410,90,60,70,75,70,45,3,False,Blue,with_fins,sealeo.png
365,Walrein,Ice,Water,light-blue,530,110,80,90,95,90,65,3,False,Blue,quadruped,walrein.png
366,Clamperl,Water,,blue,345,35,64,85,74,55,32,3,False,Blue,head_only,clamperl.png
367,Huntail,Water,,blue,485,55,104,105,94,75,52,3,False,Blue,serpentine_body,huntail.png
368,Gorebyss,Water,,blue,485,55,84,105,114,75,52,3,False,Pink,serpentine_body,gorebyss.png
369,Relicanth,Water,Rock,blue,485,100,90,130,45,65,55,3,False,Grey,with_fins,relicanth.png
370,Luvdisc,Water,,blue,330,43,30,55,40,65,97,3,False,Pink,with_fins,luvdisc.png
371,Bagon,Dragon,,deep-orange,300,45,75,60,40,30,50,3,False,Blue,bipedal_tailless,bagon.png
372,Shelgon,Dragon,,deep-orange,420,65,95,100,60,50,50,3,False,White,quadruped,shelgon.png
373,Salamence,Dragon,Flying,deep-orange,600,95,135,80,110,80,100,3,False,Blue,quadruped,salamence.png
374,Beldum,Steel,Psychic,blue-grey,300,40,55,80,35,60,30,3,False,Blue,head_base,beldum.png
375,Metang,Steel,Psychic,blue-grey,420,60,75,100,55,80,50,3,False,Blue,head_arms,metang.png
376,Metagross,Steel,Psychic,blue-grey,600,80,135,130,95,90,70,3,False,Blue,multiple_bodies,metagross.png
377,Regirock,Rock,,grey,580,80,100,200,50,100,50,3,True,Brown,bipedal_tailless,regirock.png
378,Regice,Ice,,light-blue,580,80,50,100,100,200,50,3,True,Blue,bipedal_tailless,regice.png
379,Registeel,Steel,,blue-grey,580,80,75,150,75,150,50,3,True,Grey,bipedal_tailless,registeel.png
380,Latias,Dragon,Psychic,deep-orange,600,80,80,90,110,130,110,3,True,Red,two_wings,latias.png
381,Latios,Dragon,Psychic,deep-orange,600,80,90,80,130,110,110,3,True,Blue,two_wings,latios.png
382,Kyogre,Water,,blue,670,100,100,90,150,140,90,3,True,Blue,with_fins,kyogre.png
383,Groudon,Ground,,brown,670,100,150,140,100,90,90,3,True,Red,bipedal_tailed,groudon.png
384,Rayquaza,Dragon,Flying,deep-orange,680,105,150,90,150,90,95,3,True,Green,serpentine_body,rayquaza.png
385,Jirachi,Steel,Psychic,blue-grey,600,100,100,100,100,100,100,3,True,Yellow,bipedal_tailless,jirachi.png
386,Deoxys,Psychic,,cyan,600,50,150,50,150,50,150,3,True,Red,bipedal_tailless,deoxys-normal.png
387,Turtwig,Grass,,green,318,55,68,64,45,55,31,4,False,Green,quadruped,turtwig.png
388,Grotle,Grass,,green,405,75,89,85,55,65,36,4,False,Green,quadruped,grotle.png
389,Torterra,Grass,Ground,green,525,95,109,105,75,85,56,4,False,Green,quadruped,torterra.png
390,Chimchar,Fire,,red,309,44,58,44,58,44,61,4,False,Brown,bipedal_tailed,chimchar.png
391,Monferno,Fire,Fighting,red,405,64,78,52,78,52,81,4,False,Brown,bipedal_tailed,monferno.png
392,Infernape,Fire,Fighting,red,534,76,104,71,104,71,108,4,False,Brown,bipedal_tailed,infernape.png
393,Piplup,Water,,blue,314,53,51,53,61,56,40,4,False,Blue,bipedal_tailless,piplup.png
394,Prinplup,Water,,blue,405,64,66,68,81,76,50,4,False,Blue,bipedal_tailed,prinplup.png
395,Empoleon,Water,Steel,blue,530,84,86,88,111,101,60,4,False,Blue,bipedal_tailed,empoleon.png
396,Starly,Normal,Flying,amber,245,40,55,30,30,30,60,4,False,Brown,two_wings,starly.png
397,Staravia,Normal,Flying,amber,340,55,75,50,40,40,80,4,False,Brown,two_wings,staravia.png
398,Staraptor,Normal,Flying,amber,485,85,120,70,50,60,100,4,False,Brown,two_wings,staraptor.png
399,Bidoof,Normal,,amber,250,59,45,40,35,40,31,4,False,Brown,quadruped,bidoof.png
400,Bibarel,Normal,Water,amber,410,79,85,60,55,60,71,4,False,Brown,bipedal_tailed,bibarel.png
401,Kricketot,Bug,,green-darken-4,194,37,25,41,25,41,25,4,False,Red,bipedal_tailless,kricketot.png
402,Kricketune,Bug,,green-darken-4,384,77,85,51,55,51,65,4,False,Red,four_wings,kricketune.png
403,Shinx,Electric,,yellow,263,45,65,34,40,34,45,4,False,Blue,quadruped,shinx.png
404,Luxio,Electric,,yellow,363,60,85,49,60,49,60,4,False,Blue,quadruped,luxio.png
405,Luxray,Electric,,yellow,523,80,120,79,95,79,70,4,False,Blue,quadruped,luxray.png
406,Budew,Grass,Poison,green,280,40,30,35,50,70,55,4,False,Green,bipedal_tailless,budew.png
407,Roserade,Grass,Poison,green,515,60,70,65,125,105,90,4,False,Green,bipedal_tailless,roserade.png
408,Cranidos,Rock,,grey,350,67,125,40,30,30,58,4,False,Blue,bipedal_tailed,cranidos.png
409,Rampardos,Rock,,grey,495,97,165,60,65,50,58,4,False,Blue,bipedal_tailed,rampardos.png
410,Shieldon,Rock,Steel,grey,350,30,42,118,42,88,30,4,False,Grey,quadruped,shieldon.png
411,Bastiodon,Rock,Steel,grey,495,60,52,168,47,138,30,4,False,Grey,quadruped,bastiodon.png
412,Burmy,Bug,,green-darken-4,224,40,29,45,29,45,36,4,False,Grey,head_base,burmy.png
413,Wormadam,Bug,Grass,green-darken-4,424,60,59,85,79,105,36,4,False,Grey,head_base,wormadam-plant.png
414,Mothim,Bug,Flying,green-darken-4,424,70,94,50,94,50,66,4,False,Yellow,four_wings,mothim.png
415,Combee,Bug,Flying,green-darken-4,244,30,30,42,30,42,70,4,False,Yellow,multiple_bodies,combee.png
416,Vespiquen,Bug,Flying,green-darken-4,474,70,80,102,80,102,40,4,False,Yellow,four_wings,vespiquen.png
417,Pachirisu,Electric,,yellow,405,60,45,70,45,90,95,4,False,White,quadruped,pachirisu.png
418,Buizel,Water,,blue,330,55,65,35,60,30,85,4,False,Brown,quadruped,buizel.png
419,Floatzel,Water,,blue,495,85,105,55,85,50,115,4,False,Brown,quadruped,floatzel.png
420,Cherubi,Grass,,green,275,45,35,45,62,53,35,4,False,Pink,multiple_bodies,cherubi.png
421,Cherrim,Grass,,green,450,70,60,70,87,78,85,4,False,Pink,head_legs,cherrim.png
422,Shellos,Water,,blue,325,76,48,48,57,62,34,4,False,Purple,serpentine_body,shellos.png
423,Gastrodon,Water,Ground,blue,475,111,83,68,92,82,39,4,False,Purple,serpentine_body,gastrodon.png
424,Ambipom,Normal,,amber,482,75,100,66,60,66,115,4,False,Purple,bipedal_tailed,ambipom.png
425,Drifloon,Ghost,Flying,grey-darken-2,348,90,50,34,60,44,70,4,False,Purple,head_arms,drifloon.png
426,Drifblim,Ghost,Flying,grey-darken-2,498,150,80,44,90,54,80,4,False,Purple,head_arms,drifblim.png
427,Buneary,Normal,,amber,350,55,66,44,44,56,85,4,False,Brown,bipedal_tailed,buneary.png
428,Lopunny,Normal,,amber,480,65,76,84,54,96,105,4,False,Brown,bipedal_tailed,lopunny.png
429,Mismagius,Ghost,,grey-darken-2,495,60,60,60,105,105,105,4,False,Purple,head_only,mismagius.png
430,Honchkrow,Dark,Flying,black,505,100,125,52,105,52,71,4,False,Black,two_wings,honchkrow.png
431,Glameow,Normal,,amber,310,49,55,42,42,37,85,4,False,Grey,quadruped,glameow.png
432,Purugly,Normal,,amber,452,71,82,64,64,59,112,4,False,Grey,quadruped,purugly.png
433,Chingling,Psychic,,cyan,285,45,30,50,65,50,45,4,False,Yellow,bipedal_tailless,chingling.png
434,Stunky,Poison,Dark,orange,329,63,63,47,41,41,74,4,False,Purple,quadruped,stunky.png
435,Skuntank,Poison,Dark,orange,479,103,93,67,71,61,84,4,False,Purple,quadruped,skuntank.png
436,Bronzor,Steel,Psychic,blue-grey,300,57,24,86,24,86,23,4,False,Green,head_only,bronzor.png
437,Bronzong,Steel,Psychic,blue-grey,500,67,89,116,79,116,33,4,False,Green,head_arms,bronzong.png
438,Bonsly,Rock,,grey,290,50,80,95,10,45,10,4,False,Brown,head_legs,bonsly.png
439,Mime_Jr.,Psychic,Fairy,cyan,310,20,25,45,70,90,60,4,False,Pink,bipedal_tailless,mime-jr.png
440,Happiny,Normal,,amber,220,100,5,5,15,65,30,4,False,Pink,bipedal_tailless,happiny.png
441,Chatot,Normal,Flying,amber,411,76,65,45,92,42,91,4,False,Black,two_wings,chatot.png
442,Spiritomb,Ghost,Dark,grey-darken-2,485,50,92,108,92,108,35,4,False,Purple,head_base,spiritomb.png
443,Gible,Dragon,Ground,deep-orange,300,58,70,45,40,45,42,4,False,Blue,bipedal_tailed,gible.png
444,Gabite,Dragon,Ground,deep-orange,410,68,90,65,50,55,82,4,False,Blue,bipedal_tailed,gabite.png
445,Garchomp,Dragon,Ground,deep-orange,600,108,130,95,80,85,102,4,False,Blue,bipedal_tailed,garchomp.png
446,Munchlax,Normal,,amber,390,135,85,40,40,85,5,4,False,Black,bipedal_tailless,munchlax.png
447,Riolu,Fighting,,indigo,285,40,70,40,35,40,60,4,False,Blue,bipedal_tailed,riolu.png
448,Lucario,Fighting,Steel,indigo,525,70,110,70,115,70,90,4,False,Blue,bipedal_tailed,lucario.png
449,Hippopotas,Ground,,brown,330,68,72,78,38,42,32,4,False,Brown,quadruped,hippopotas.png
450,Hippowdon,Ground,,brown,525,108,112,118,68,72,47,4,False,Brown,quadruped,hippowdon.png
451,Skorupi,Poison,Bug,orange,330,40,50,90,30,55,65,4,False,Purple,insectoid,skorupi.png
452,Drapion,Poison,Dark,orange,500,70,90,110,60,75,95,4,False,Purple,insectoid,drapion.png
453,Croagunk,Poison,Fighting,orange,300,48,61,40,61,40,50,4,False,Blue,bipedal_tailless,croagunk.png
454,Toxicroak,Poison,Fighting,orange,490,83,106,65,86,65,85,4,False,Blue,bipedal_tailless,toxicroak.png
455,Carnivine,Grass,,green,454,74,100,72,90,72,46,4,False,Green,several_limbs,carnivine.png
456,Finneon,Water,,blue,330,49,49,56,49,61,66,4,False,Blue,with_fins,finneon.png
457,Lumineon,Water,,blue,460,69,69,76,69,86,91,4,False,Blue,with_fins,lumineon.png
458,Mantyke,Water,Flying,blue,345,45,20,50,60,120,50,4,False,Blue,two_wings,mantyke.png
459,Snover,Grass,Ice,green,334,60,62,50,62,60,40,4,False,White,bipedal_tailed,snover.png
460,Abomasnow,Grass,Ice,green,494,90,92,75,92,85,60,4,False,White,bipedal_tailed,abomasnow.png
461,Weavile,Dark,Ice,black,510,70,120,65,45,85,125,4,False,Black,bipedal_tailed,weavile.png
462,Magnezone,Electric,Steel,yellow,535,70,70,115,130,90,60,4,False,Grey,head_arms,magnezone.png
463,Lickilicky,Normal,,amber,515,110,85,95,80,95,50,4,False,Pink,bipedal_tailless,lickilicky.png
464,Rhyperior,Ground,Rock,brown,535,115,140,130,55,55,40,4,False,Grey,bipedal_tailed,rhyperior.png
465,Tangrowth,Grass,,green,535,100,100,125,110,50,50,4,False,Blue,bipedal_tailless,tangrowth.png
466,Electivire,Electric,,yellow,540,75,123,67,95,85,95,4,False,Yellow,bipedal_tailed,electivire.png
467,Magmortar,Fire,,red,540,75,95,67,125,95,83,4,False,Red,bipedal_tailed,magmortar.png
468,Togekiss,Fairy,Flying,pink,545,85,50,95,120,115,80,4,False,White,two_wings,togekiss.png
469,Yanmega,Bug,Flying,green-darken-4,515,86,76,86,116,56,95,4,False,Green,four_wings,yanmega.png
470,Leafeon,Grass,,green,525,65,110,130,60,65,95,4,False,Green,quadruped,leafeon.png
471,Glaceon,Ice,,light-blue,525,65,60,110,130,95,65,4,False,Blue,quadruped,glaceon.png
472,Gliscor,Ground,Flying,brown,510,75,95,125,45,75,95,4,False,Purple,two_wings,gliscor.png
473,Mamoswine,Ice,Ground,light-blue,530,110,130,80,70,60,80,4,False,Brown,quadruped,mamoswine.png
474,Porygon-Z,Normal,,amber,535,85,80,70,135,75,90,4,False,Red,head_arms,porygon.png
475,Gallade,Psychic,Fighting,cyan,518,68,125,65,65,115,80,4,False,White,bipedal_tailless,gallade.png
476,Probopass,Rock,Steel,grey,525,60,55,145,75,150,40,4,False,Grey,multiple_bodies,probopass.png
477,Dusknoir,Ghost,,grey-darken-2,525,45,100,135,65,135,45,4,False,Black,head_arms,dusknoir.png
478,Froslass,Ice,Ghost,light-blue,480,70,80,70,80,70,110,4,False,White,head_arms,froslass.png
479,Rotom,Electric,Ghost,yellow,440,50,50,77,95,77,91,4,False,Red,head_only,rotom.png
480,Uxie,Psychic,,cyan,580,75,75,130,75,130,95,4,True,Yellow,bipedal_tailed,uxie.png
481,Mesprit,Psychic,,cyan,580,80,105,105,105,105,80,4,True,Pink,bipedal_tailed,mesprit.png
482,Azelf,Psychic,,cyan,580,75,125,70,125,70,115,4,True,Blue,bipedal_tailed,azelf.png
483,Dialga,Steel,Dragon,blue-grey,680,100,120,120,150,100,90,4,True,White,quadruped,dialga.png
484,Palkia,Water,Dragon,blue,680,90,120,100,150,120,100,4,True,Purple,bipedal_tailed,palkia.png
485,Heatran,Fire,Steel,red,600,91,90,106,130,106,77,4,True,Brown,quadruped,heatran.png
486,Regigigas,Normal,,amber,670,110,160,110,80,110,100,4,True,White,bipedal_tailless,regigigas.png
487,Giratina,Ghost,Dragon,grey-darken-2,680,150,120,100,120,100,90,4,True,Black,serpentine_body,giratina-altered.png
488,Cresselia,Psychic,,cyan,600,120,70,120,75,130,85,4,False,Yellow,serpentine_body,cresselia.png
489,Phione,Water,,blue,480,80,80,80,80,80,80,4,False,Blue,head_arms,phione.png
490,Manaphy,Water,,blue,600,100,100,100,100,100,100,4,False,Blue,bipedal_tailless,manaphy.png
491,Darkrai,Dark,,black,600,70,90,90,135,90,125,4,True,Black,bipedal_tailless,darkrai.png
492,Shaymin,Grass,,green,600,100,100,100,100,100,100,4,True,Green,quadruped,shaymin-land.png
493,Arceus,Normal,,amber,720,120,120,120,120,120,120,4,True,Grey,quadruped,arceus.png
494,Victini,Psychic,Fire,cyan,600,100,100,100,100,100,100,5,True,Yellow,bipedal_tailless,victini.png
495,Snivy,Grass,,green,308,45,45,55,45,55,63,5,False,Green,bipedal_tailed,snivy.png
496,Servine,Grass,,green,413,60,60,75,60,75,83,5,False,Green,bipedal_tailed,servine.png
497,Serperior,Grass,,green,528,75,75,95,75,95,113,5,False,Green,serpentine_body,serperior.png
498,Tepig,Fire,,red,308,65,63,45,45,45,45,5,False,Red,quadruped,tepig.png
499,Pignite,Fire,Fighting,red,418,90,93,55,70,55,55,5,False,Red,bipedal_tailed,pignite.png
500,Emboar,Fire,Fighting,red,528,110,123,65,100,65,65,5,False,Red,bipedal_tailed,emboar.png
501,Oshawott,Water,,blue,308,55,55,45,63,45,45,5,False,Blue,bipedal_tailed,oshawott.png
502,Dewott,Water,,blue,413,75,75,60,83,60,60,5,False,Blue,bipedal_tailed,dewott.png
503,Samurott,Water,,blue,528,95,100,85,108,70,70,5,False,Blue,quadruped,samurott.png
504,Patrat,Normal,,amber,255,45,55,39,35,39,42,5,False,Brown,quadruped,patrat.png
505,Watchog,Normal,,amber,420,60,85,69,60,69,77,5,False,Brown,bipedal_tailed,watchog.png
506,Lillipup,Normal,,amber,275,45,60,45,25,45,55,5,False,Brown,quadruped,lillipup.png
507,Herdier,Normal,,amber,370,65,80,65,35,65,60,5,False,Grey,quadruped,herdier.png
508,Stoutland,Normal,,amber,500,85,110,90,45,90,80,5,False,Grey,quadruped,stoutland.png
509,Purrloin,Dark,,black,281,41,50,37,50,37,66,5,False,Purple,quadruped,purrloin.png
510,Liepard,Dark,,black,446,64,88,50,88,50,106,5,False,Purple,quadruped,liepard.png
511,Pansage,Grass,,green,316,50,53,48,53,48,64,5,False,Green,bipedal_tailed,pansage.png
512,Simisage,Grass,,green,498,75,98,63,98,63,101,5,False,Green,bipedal_tailed,simisage.png
513,Pansear,Fire,,red,316,50,53,48,53,48,64,5,False,Red,bipedal_tailed,pansear.png
514,Simisear,Fire,,red,498,75,98,63,98,63,101,5,False,Red,bipedal_tailed,simisear.png
515,Panpour,Water,,blue,316,50,53,48,53,48,64,5,False,Blue,bipedal_tailed,panpour.png
516,Simipour,Water,,blue,498,75,98,63,98,63,101,5,False,Blue,bipedal_tailed,simipour.png
517,Munna,Psychic,,cyan,292,76,25,45,67,55,24,5,False,Pink,quadruped,munna.png
518,Musharna,Psychic,,cyan,487,116,55,85,107,95,29,5,False,Pink,bipedal_tailless,musharna.png
519,Pidove,Normal,Flying,amber,264,50,55,50,36,30,43,5,False,Grey,two_wings,pidove.png
520,Tranquill,Normal,Flying,amber,358,62,77,62,50,42,65,5,False,Grey,two_wings,tranquill.png
521,Unfezant,Normal,Flying,amber,488,80,115,80,65,55,93,5,False,Grey,two_wings,unfezant.png
522,Blitzle,Electric,,yellow,295,45,60,32,50,32,76,5,False,Black,quadruped,blitzle.png
523,Zebstrika,Electric,,yellow,497,75,100,63,80,63,116,5,False,Black,quadruped,zebstrika.png
524,Roggenrola,Rock,,grey,280,55,75,85,25,25,15,5,False,Blue,head_legs,roggenrola.png
525,Boldore,Rock,,grey,390,70,105,105,50,40,20,5,False,Blue,several_limbs,boldore.png
526,Gigalith,Rock,,grey,515,85,135,130,60,80,25,5,False,Blue,several_limbs,gigalith.png
527,Woobat,Psychic,Flying,cyan,313,55,45,43,55,43,72,5,False,Blue,two_wings,woobat.png
528,Swoobat,Psychic,Flying,cyan,425,67,57,55,77,55,114,5,False,Blue,two_wings,swoobat.png
529,Drilbur,Ground,,brown,328,60,85,40,30,45,68,5,False,Grey,bipedal_tailed,drilbur.png
530,Excadrill,Ground,Steel,brown,508,110,135,60,50,65,88,5,False,Grey,bipedal_tailless,excadrill.png
531,Audino,Normal,,amber,445,103,60,86,60,86,50,5,False,Pink,bipedal_tailed,audino.png
532,Timburr,Fighting,,indigo,305,75,80,55,25,35,35,5,False,Grey,bipedal_tailless,timburr.png
533,Gurdurr,Fighting,,indigo,405,85,105,85,40,50,40,5,False,Grey,bipedal_tailless,gurdurr.png
534,Conkeldurr,Fighting,,indigo,505,105,140,95,55,65,45,5,False,Grey,bipedal_tailless,conkeldurr.png
535,Tympole,Water,,blue,294,50,50,40,50,40,64,5,False,Blue,with_fins,tympole.png
536,Palpitoad,Water,Ground,blue,384,75,65,55,65,55,69,5,False,Blue,bipedal_tailed,palpitoad.png
537,Seismitoad,Water,Ground,blue,509,105,95,75,85,75,74,5,False,Blue,bipedal_tailless,seismitoad.png
538,Throh,Fighting,,indigo,465,120,100,85,30,85,45,5,False,Red,bipedal_tailless,throh.png
539,Sawk,Fighting,,indigo,465,75,125,75,30,75,85,5,False,Blue,bipedal_tailless,sawk.png
540,Sewaddle,Bug,Grass,green-darken-4,310,45,53,70,40,60,42,5,False,Yellow,insectoid,sewaddle.png
541,Swadloon,Bug,Grass,green-darken-4,380,55,63,90,50,80,42,5,False,Green,head_arms,swadloon.png
542,Leavanny,Bug,Grass,green-darken-4,500,75,103,80,70,80,92,5,False,Yellow,bipedal_tailless,leavanny.png
543,Venipede,Bug,Poison,green-darken-4,260,30,45,59,30,39,57,5,False,Red,insectoid,venipede.png
544,Whirlipede,Bug,Poison,green-darken-4,360,40,55,99,40,79,47,5,False,Grey,head_only,whirlipede.png
545,Scolipede,Bug,Poison,green-darken-4,485,60,100,89,55,69,112,5,False,Red,insectoid,scolipede.png
546,Cottonee,Grass,Fairy,green,280,40,27,60,37,50,66,5,False,Green,head_only,cottonee.png
547,Whimsicott,Grass,Fairy,green,480,60,67,85,77,75,116,5,False,Green,bipedal_tailless,whimsicott.png
548,Petilil,Grass,,green,280,45,35,50,70,50,30,5,False,Green,head_base,petilil.png
549,Lilligant,Grass,,green,480,70,60,75,110,75,90,5,False,Green,head_base,lilligant.png
550,Basculin,Water,,blue,460,70,92,65,80,55,98,5,False,Green,with_fins,basculin-red-striped.png
551,Sandile,Ground,Dark,brown,292,50,72,35,35,35,65,5,False,Brown,quadruped,sandile.png
552,Krokorok,Ground,Dark,brown,351,60,82,45,45,45,74,5,False,Brown,quadruped,krokorok.png
553,Krookodile,Ground,Dark,brown,519,95,117,80,65,70,92,5,False,Red,bipedal_tailed,krookodile.png
554,Darumaka,Fire,,red,315,70,90,45,15,45,50,5,False,Red,bipedal_tailless,darumaka.png
555,Darmanitan,Fire,,red,480,105,140,55,30,55,95,5,False,Red,quadruped,darmanitan-standard.png
556,Maractus,Grass,,green,461,75,86,67,106,67,60,5,False,Green,head_base,maractus.png
557,Dwebble,Bug,Rock,green-darken-4,325,50,65,85,35,35,55,5,False,Red,insectoid,dwebble.png
558,Crustle,Bug,Rock,green-darken-4,475,70,95,125,65,75,45,5,False,Red,insectoid,crustle.png
559,Scraggy,Dark,Fighting,black,348,50,75,70,35,70,48,5,False,Yellow,bipedal_tailed,scraggy.png
560,Scrafty,Dark,Fighting,black,488,65,90,115,45,115,58,5,False,Red,bipedal_tailed,scrafty.png
561,Sigilyph,Psychic,Flying,cyan,490,72,58,80,103,80,97,5,False,Black,two_wings,sigilyph.png
562,Yamask,Ghost,,grey-darken-2,303,38,30,85,55,65,30,5,False,Black,head_arms,yamask.png
563,Cofagrigus,Ghost,,grey-darken-2,483,58,50,145,95,105,30,5,False,Yellow,head_base,cofagrigus.png
564,Tirtouga,Water,Rock,blue,355,54,78,103,53,45,22,5,False,Blue,quadruped,tirtouga.png
565,Carracosta,Water,Rock,blue,495,74,108,133,83,65,32,5,False,Blue,bipedal_tailed,carracosta.png
566,Archen,Rock,Flying,grey,401,55,112,45,74,45,70,5,False,Yellow,two_wings,archen.png
567,Archeops,Rock,Flying,grey,567,75,140,65,112,65,110,5,False,Yellow,two_wings,archeops.png
568,Trubbish,Poison,,orange,329,50,50,62,40,62,65,5,False,Green,bipedal_tailless,trubbish.png
569,Garbodor,Poison,,orange,474,80,95,82,60,82,75,5,False,Green,bipedal_tailless,garbodor.png
570,Zorua,Dark,,black,330,40,65,40,80,40,65,5,False,Grey,quadruped,zorua.png
571,Zoroark,Dark,,black,510,60,105,60,120,60,105,5,False,Grey,bipedal_tailed,zoroark.png
572,Minccino,Normal,,amber,300,55,50,40,40,40,75,5,False,Grey,quadruped,minccino.png
573,Cinccino,Normal,,amber,470,75,95,60,65,60,115,5,False,Grey,quadruped,cinccino.png
574,Gothita,Psychic,,cyan,290,45,30,50,55,65,45,5,False,Purple,bipedal_tailless,gothita.png
575,Gothorita,Psychic,,cyan,390,60,45,70,75,85,55,5,False,Purple,bipedal_tailless,gothorita.png
576,Gothitelle,Psychic,,cyan,490,70,55,95,95,110,65,5,False,Purple,bipedal_tailless,gothitelle.png
577,Solosis,Psychic,,cyan,290,45,30,40,105,50,20,5,False,Green,head_only,solosis.png
578,Duosion,Psychic,,cyan,370,65,40,50,125,60,30,5,False,Green,head_only,duosion.png
579,Reuniclus,Psychic,,cyan,490,110,65,75,125,85,30,5,False,Green,head_arms,reuniclus.png
580,Ducklett,Water,Flying,blue,305,62,44,50,44,50,55,5,False,Blue,two_wings,ducklett.png
581,Swanna,Water,Flying,blue,473,75,87,63,87,63,98,5,False,White,two_wings,swanna.png
582,Vanillite,Ice,,light-blue,305,36,50,50,65,60,44,5,False,White,head_base,vanillite.png
583,Vanillish,Ice,,light-blue,395,51,65,65,80,75,59,5,False,White,head_base,vanillish.png
584,Vanilluxe,Ice,,light-blue,535,71,95,85,110,95,79,5,False,White,multiple_bodies,vanilluxe.png
585,Deerling,Normal,Grass,amber,335,60,60,50,40,50,75,5,False,Yellow,quadruped,deerling.png
586,Sawsbuck,Normal,Grass,amber,475,80,100,70,60,70,95,5,False,Brown,quadruped,sawsbuck.png
587,Emolga,Electric,Flying,yellow,428,55,75,60,75,60,103,5,False,White,quadruped,emolga.png
588,Karrablast,Bug,,green-darken-4,315,50,75,45,40,45,60,5,False,Blue,bipedal_tailless,karrablast.png
589,Escavalier,Bug,Steel,green-darken-4,495,70,135,105,60,105,20,5,False,Grey,head_arms,escavalier.png
590,Foongus,Grass,Poison,green,294,69,55,45,55,55,15,5,False,White,head_arms,foongus.png
591,Amoonguss,Grass,Poison,green,464,114,85,70,85,80,30,5,False,Grey,head_arms,amoonguss.png
592,Frillish,Water,Ghost,blue,335,55,40,50,65,85,40,5,False,White,several_limbs,frillish.png
593,Jellicent,Water,Ghost,blue,480,100,60,70,85,105,60,5,False,White,several_limbs,jellicent.png
594,Alomomola,Water,,blue,470,165,75,80,40,45,65,5,False,Pink,with_fins,alomomola.png
595,Joltik,Bug,Electric,green-darken-4,319,50,47,50,57,50,65,5,False,Yellow,insectoid,joltik.png
596,Galvantula,Bug,Electric,green-darken-4,472,70,77,60,97,60,108,5,False,Yellow,insectoid,galvantula.png
597,Ferroseed,Grass,Steel,green,305,44,50,91,24,86,10,5,False,Grey,head_only,ferroseed.png
598,Ferrothorn,Grass,Steel,green,489,74,94,131,54,116,20,5,False,Grey,several_limbs,ferrothorn.png
599,Klink,Steel,,blue-grey,300,40,55,70,45,60,30,5,False,Grey,multiple_bodies,klink.png
600,Klang,Steel,,blue-grey,440,60,80,95,70,85,50,5,False,Grey,multiple_bodies,klang.png
601,Klinklang,Steel,,blue-grey,520,60,100,115,70,85,90,5,False,Grey,multiple_bodies,klinklang.png
602,Tynamo,Electric,,yellow,275,35,55,40,45,40,60,5,False,White,with_fins,tynamo.png
603,Eelektrik,Electric,,yellow,405,65,85,70,75,70,40,5,False,Blue,with_fins,eelektrik.png
604,Eelektross,Electric,,yellow,515,85,115,80,105,80,50,5,False,Blue,with_fins,eelektross.png
605,Elgyem,Psychic,,cyan,335,55,55,55,85,55,30,5,False,Grey,bipedal_tailed,elgyem.png
606,Beheeyem,Psychic,,cyan,485,75,75,75,125,95,40,5,False,Brown,bipedal_tailless,beheeyem.png
607,Litwick,Ghost,Fire,grey-darken-2,275,50,30,55,65,55,20,5,False,White,head_base,litwick.png
608,Lampent,Ghost,Fire,grey-darken-2,370,60,40,60,95,60,55,5,False,Black,head_arms,lampent.png
609,Chandelure,Ghost,Fire,grey-darken-2,520,60,55,90,145,90,80,5,False,Black,head_arms,chandelure.png
610,Axew,Dragon,,deep-orange,320,46,87,60,30,40,57,5,False,Green,bipedal_tailed,axew.png
611,Fraxure,Dragon,,deep-orange,410,66,117,70,40,50,67,5,False,Green,bipedal_tailed,fraxure.png
612,Haxorus,Dragon,,deep-orange,540,76,147,90,60,70,97,5,False,Yellow,bipedal_tailed,haxorus.png
613,Cubchoo,Ice,,light-blue,305,55,70,40,60,40,40,5,False,Blue,bipedal_tailed,cubchoo.png
614,Beartic,Ice,,light-blue,485,95,110,80,70,80,50,5,False,White,quadruped,beartic.png
615,Cryogonal,Ice,,light-blue,485,70,50,30,95,135,105,5,False,Blue,head_only,cryogonal.png
616,Shelmet,Bug,,green-darken-4,305,50,40,85,40,65,25,5,False,Red,head_only,shelmet.png
617,Accelgor,Bug,,green-darken-4,495,80,70,40,100,60,145,5,False,Red,head_arms,accelgor.png
618,Stunfisk,Ground,Electric,brown,471,109,66,84,81,99,32,5,False,Brown,with_fins,stunfisk.png
619,Mienfoo,Fighting,,indigo,350,45,85,50,55,50,65,5,False,Yellow,bipedal_tailed,mienfoo.png
620,Mienshao,Fighting,,indigo,510,65,125,60,95,60,105,5,False,Purple,bipedal_tailed,mienshao.png
621,Druddigon,Dragon,,deep-orange,485,77,120,90,60,90,48,5,False,Red,bipedal_tailed,druddigon.png
622,Golett,Ground,Ghost,brown,303,59,74,50,35,50,35,5,False,Green,bipedal_tailless,golett.png
623,Golurk,Ground,Ghost,brown,483,89,124,80,55,80,55,5,False,Green,bipedal_tailless,golurk.png
624,Pawniard,Dark,Steel,black,340,45,85,70,40,40,60,5,False,Red,bipedal_tailless,pawniard.png
625,Bisharp,Dark,Steel,black,490,65,125,100,60,70,70,5,False,Red,bipedal_tailless,bisharp.png
626,Bouffalant,Normal,,amber,490,95,110,95,40,95,55,5,False,Brown,quadruped,bouffalant.png
627,Rufflet,Normal,Flying,amber,350,70,83,50,37,50,60,5,False,White,two_wings,rufflet.png
628,Braviary,Normal,Flying,amber,510,100,123,75,57,75,80,5,False,Red,two_wings,braviary.png
629,Vullaby,Dark,Flying,black,370,70,55,75,45,65,60,5,False,Brown,two_wings,vullaby.png
630,Mandibuzz,Dark,Flying,black,510,110,65,105,55,95,80,5,False,Brown,two_wings,mandibuzz.png
631,Heatmor,Fire,,red,484,85,97,66,105,66,65,5,False,Red,bipedal_tailed,heatmor.png
632,Durant,Bug,Steel,green-darken-4,484,58,109,112,48,48,109,5,False,Grey,insectoid,durant.png
633,Deino,Dark,Dragon,black,300,52,65,50,45,50,38,5,False,Blue,quadruped,deino.png
634,Zweilous,Dark,Dragon,black,420,72,85,70,65,70,58,5,False,Blue,quadruped,zweilous.png
635,Hydreigon,Dark,Dragon,black,600,92,105,90,125,90,98,5,False,Blue,bipedal_tailed,hydreigon.png
636,Larvesta,Bug,Fire,green-darken-4,360,55,85,55,50,55,60,5,False,White,insectoid,larvesta.png
637,Volcarona,Bug,Fire,green-darken-4,550,85,60,65,135,105,100,5,False,White,four_wings,volcarona.png
638,Cobalion,Steel,Fighting,blue-grey,580,91,90,129,90,72,108,5,True,Blue,quadruped,cobalion.png
639,Terrakion,Rock,Fighting,grey,580,91,129,90,72,90,108,5,True,Grey,quadruped,terrakion.png
640,Virizion,Grass,Fighting,green,580,91,90,72,90,129,108,5,True,Green,quadruped,virizion.png
641,Tornadus,Flying,,teal,580,79,115,70,125,80,111,5,True,Green,head_arms,tornadus-incarnate.png
642,Thundurus,Electric,Flying,yellow,580,79,115,70,125,80,111,5,True,Blue,head_arms,thundurus-incarnate.png
643,Reshiram,Dragon,Fire,deep-orange,680,100,120,100,150,120,90,5,True,White,two_wings,reshiram.png
644,Zekrom,Dragon,Electric,deep-orange,680,100,150,120,120,100,90,5,True,Black,bipedal_tailed,zekrom.png
645,Landorus,Ground,Flying,brown,600,89,125,90,115,80,101,5,True,Brown,head_arms,landorus-incarnate.png
646,Kyurem,Dragon,Ice,deep-orange,660,125,130,90,130,90,95,5,True,Grey,bipedal_tailed,kyurem.png
647,Keldeo,Water,Fighting,blue,580,91,72,90,129,90,108,5,False,Yellow,quadruped,keldeo-ordinary.png
648,Meloetta,Normal,Psychic,amber,600,100,77,77,128,128,90,5,False,White,bipedal_tailless,meloetta-aria.png
649,Genesect,Bug,Steel,green-darken-4,600,71,120,95,120,95,99,5,False,Purple,bipedal_tailless,genesect.png
650,Chespin,Grass,,green,313,56,61,65,48,45,38,6,False,Green,bipedal_tailed,chespin.png
651,Quilladin,Grass,,green,405,61,78,95,56,58,57,6,False,Green,bipedal_tailed,quilladin.png
652,Chesnaught,Grass,Fighting,green,530,88,107,122,74,75,64,6,False,Green,bipedal_tailed,chesnaught.png
653,Fennekin,Fire,,red,307,40,45,40,62,60,60,6,False,Red,quadruped,fennekin.png
654,Braixen,Fire,,red,409,59,59,58,90,70,73,6,False,Red,bipedal_tailed,braixen.png
655,Delphox,Fire,Psychic,red,534,75,69,72,114,100,104,6,False,Red,bipedal_tailed,delphox.png
656,Froakie,Water,,blue,314,41,56,40,62,44,71,6,False,Blue,quadruped,froakie.png
657,Frogadier,Water,,blue,405,54,63,52,83,56,97,6,False,Blue,bipedal_tailless,frogadier.png
658,Greninja,Water,Dark,blue,530,72,95,67,103,71,122,6,False,Blue,bipedal_tailless,greninja.png
659,Bunnelby,Normal,,amber,237,38,36,38,32,36,57,6,False,Brown,bipedal_tailed,bunnelby.png
660,Diggersby,Normal,Ground,amber,423,85,56,77,50,77,78,6,False,Brown,bipedal_tailed,diggersby.png
661,Fletchling,Normal,Flying,amber,278,45,50,43,40,38,62,6,False,Red,two_wings,fletchling.png
662,Fletchinder,Fire,Flying,red,382,62,73,55,56,52,84,6,False,Red,two_wings,fletchinder.png
663,Talonflame,Fire,Flying,red,499,78,81,71,74,69,126,6,False,Red,two_wings,talonflame.png
664,Scatterbug,Bug,,green-darken-4,200,38,35,40,27,25,35,6,False,Black,insectoid,scatterbug.png
665,Spewpa,Bug,,green-darken-4,213,45,22,60,27,30,29,6,False,Black,head_base,spewpa.png
666,Vivillon,Bug,Flying,green-darken-4,411,80,52,50,90,50,89,6,False,Black,four_wings,vivillon.png
667,Litleo,Fire,Normal,red,369,62,50,58,73,54,72,6,False,Brown,quadruped,litleo.png
668,Pyroar,Fire,Normal,red,507,86,68,72,109,66,106,6,False,Brown,quadruped,pyroar.png
669,Flabébé,Fairy,,pink,303,44,38,39,61,79,42,6,False,White,head_arms,flabebe.png
670,Floette,Fairy,,pink,371,54,45,47,75,98,52,6,False,White,head_arms,floette.png
671,Florges,Fairy,,pink,552,78,65,68,112,154,75,6,False,White,head_arms,florges.png
672,Skiddo,Grass,,green,350,66,65,48,62,57,52,6,False,Brown,quadruped,skiddo.png
673,Gogoat,Grass,,green,531,123,100,62,97,81,68,6,False,Brown,quadruped,gogoat.png
674,Pancham,Fighting,,indigo,348,67,82,62,46,48,43,6,False,White,bipedal_tailed,pancham.png
675,Pangoro,Fighting,Dark,indigo,495,95,124,78,69,71,58,6,False,White,bipedal_tailless,pangoro.png
676,Furfrou,Normal,,amber,472,75,80,60,65,90,102,6,False,White,quadruped,furfrou.png
677,Espurr,Psychic,,cyan,355,62,48,54,63,60,68,6,False,Grey,bipedal_tailed,espurr.png
678,Meowstic,Psychic,,cyan,466,74,48,76,83,81,104,6,False,White,bipedal_tailed,meowstic-male.png
679,Honedge,Steel,Ghost,blue-grey,325,45,80,100,35,37,28,6,False,Brown,head_base,honedge.png
680,Doublade,Steel,Ghost,blue-grey,448,59,110,150,45,49,35,6,False,Brown,multiple_bodies,doublade.png
681,Aegislash,Steel,Ghost,blue-grey,520,60,50,150,50,150,60,6,False,Brown,head_base,aegislash-blade.png
682,Spritzee,Fairy,,pink,341,78,52,60,63,65,23,6,False,Pink,head_arms,spritzee.png
683,Aromatisse,Fairy,,pink,462,101,72,72,99,89,29,6,False,Pink,bipedal_tailless,aromatisse.png
684,Swirlix,Fairy,,pink,341,62,48,66,59,57,49,6,False,White,head_legs,swirlix.png
685,Slurpuff,Fairy,,pink,480,82,80,86,85,75,72,6,False,White,bipedal_tailless,slurpuff.png
686,Inkay,Dark,Psychic,black,288,53,54,53,37,46,45,6,False,Blue,several_limbs,inkay.png
687,Malamar,Dark,Psychic,black,482,86,92,88,68,75,73,6,False,Blue,head_base,malamar.png
688,Binacle,Rock,Water,grey,306,42,52,67,39,56,50,6,False,Brown,multiple_bodies,binacle.png
689,Barbaracle,Rock,Water,grey,500,72,105,115,54,86,68,6,False,Brown,multiple_bodies,barbaracle.png
690,Skrelp,Poison,Water,orange,320,50,60,60,60,60,30,6,False,Brown,head_base,skrelp.png
691,Dragalge,Poison,Dragon,orange,494,65,75,90,97,123,44,6,False,Brown,head_base,dragalge.png
692,Clauncher,Water,,blue,330,50,53,62,58,63,44,6,False,Blue,insectoid,clauncher.png
693,Clawitzer,Water,,blue,500,71,73,88,120,89,59,6,False,Blue,serpentine_body,clawitzer.png
694,Helioptile,Electric,Normal,yellow,289,44,38,33,61,43,70,6,False,Yellow,bipedal_tailed,helioptile.png
695,Heliolisk,Electric,Normal,yellow,481,62,55,52,109,94,109,6,False,Yellow,bipedal_tailed,heliolisk.png
696,Tyrunt,Rock,Dragon,grey,362,58,89,77,45,45,48,6,False,Brown,bipedal_tailed,tyrunt.png
697,Tyrantrum,Rock,Dragon,grey,521,82,121,119,69,59,71,6,False,Red,bipedal_tailed,tyrantrum.png
698,Amaura,Rock,Ice,grey,362,77,59,50,67,63,46,6,False,Blue,quadruped,amaura.png
699,Aurorus,Rock,Ice,grey,521,123,77,72,99,92,58,6,False,Blue,quadruped,aurorus.png
700,Sylveon,Fairy,,pink,525,95,65,65,110,130,60,6,False,Pink,quadruped,sylveon.png
701,Hawlucha,Fighting,Flying,indigo,500,78,92,75,74,63,118,6,False,Green,bipedal_tailless,hawlucha.png
702,Dedenne,Electric,Fairy,yellow,431,67,58,57,81,67,101,6,False,Yellow,bipedal_tailed,dedenne.png
703,Carbink,Rock,Fairy,grey,500,50,50,150,50,150,50,6,False,Grey,head_only,carbink.png
704,Goomy,Dragon,,deep-orange,300,45,50,35,55,75,40,6,False,Purple,serpentine_body,goomy.png
705,Sliggoo,Dragon,,deep-orange,452,68,75,53,83,113,60,6,False,Purple,serpentine_body,sliggoo.png
706,Goodra,Dragon,,deep-orange,600,90,100,70,110,150,80,6,False,Purple,bipedal_tailed,goodra.png
707,Klefki,Steel,Fairy,blue-grey,470,57,80,91,80,87,75,6,False,Grey,head_only,klefki.png
708,Phantump,Ghost,Grass,grey-darken-2,309,43,70,48,50,60,38,6,False,Brown,head_arms,phantump.png
709,Trevenant,Ghost,Grass,grey-darken-2,474,85,110,76,65,82,56,6,False,Brown,several_limbs,trevenant.png
710,Pumpkaboo,Ghost,Grass,grey-darken-2,335,49,66,70,44,55,51,6,False,Brown,head_only,pumpkaboo-average.png
711,Gourgeist,Ghost,Grass,grey-darken-2,494,65,90,122,58,75,84,6,False,Brown,head_base,gourgeist-average.png
712,Bergmite,Ice,,light-blue,304,55,69,85,32,35,28,6,False,Blue,quadruped,bergmite.png
713,Avalugg,Ice,,light-blue,514,95,117,184,44,46,28,6,False,Blue,quadruped,avalugg.png
714,Noibat,Flying,Dragon,teal,245,40,30,35,45,40,55,6,False,Purple,two_wings,noibat.png
715,Noivern,Flying,Dragon,teal,535,85,70,80,97,80,123,6,False,Purple,two_wings,noivern.png
716,Xerneas,Fairy,,pink,680,126,131,95,131,98,99,6,True,Blue,quadruped,xerneas.png
717,Yveltal,Dark,Flying,black,680,126,131,95,131,98,99,6,True,Red,two_wings,yveltal.png
718,Zygarde,Dragon,Ground,deep-orange,600,108,100,121,81,95,95,6,True,Green,serpentine_body,zygarde-50.png
719,Diancie,Rock,Fairy,grey,600,50,100,150,100,150,50,6,True,Pink,head_arms,diancie.png
720,Hoopa,Psychic,Ghost,cyan,600,80,110,60,150,130,70,6,True,Purple,head_only,hoopa-confined.png
721,Volcanion,Fire,Water,red,600,80,110,120,130,90,70,6,True,Brown,quadruped,volcanion.png
